{
  "comparison": {
    "all_gates": false,
    "beat_after_step": 100,
    "eval_loss_delta_engpt_minus_gpt": -2.8395345211029044,
    "eval_loss_gate_within_5pct_of_gpt": true,
    "eval_loss_ratio_engpt_over_gpt": 0.7106932067949852,
    "forward_throughput_gate_70pct": false,
    "forward_throughput_ratio": 0.3523749170068841,
    "loss_gate_reference_abs_2e_3": true,
    "memory_gate_within_20pct": true,
    "memory_ratio": 0.5758046546146193,
    "post_step_all_wins": true,
    "post_step_all_wins_gate": true,
    "post_step_win_fraction": 1.0,
    "train_throughput_gate_70pct": false,
    "train_throughput_ratio": 0.19675527917622812
  },
  "compile_mode": null,
  "compiled": false,
  "config": {
    "alpha_init": 0.05,
    "bias": false,
    "block_size": 128,
    "carried_gauge_max": 1024.0,
    "dropout": 0.0,
    "logit_scale_init": 8.0,
    "mlp_ratio": 4.0,
    "n_embd": 128,
    "n_head": 2,
    "n_layer": 128,
    "norm_eps": 1e-06,
    "rope_theta": 10000.0,
    "scale_mlp_u_by_sqrt_d": true,
    "vocab_size": 50257
  },
  "data": {
    "tokens": "/root/a-star2/data/fineweb_gpt2_10m_u16.bin",
    "train_tokens_seen_per_model": 307200
  },
  "device": "cuda",
  "dtype": "bf16",
  "engpt": {
    "eval_loss": 6.97542519569397,
    "forward": {
      "elapsed_sec": 0.8967984630726278,
      "peak_memory_gib": 0.9065942764282227,
      "tok_per_sec": 11418.396018337853
    },
    "reference_exactness": {
      "logit_max_abs_diff": 0.0625,
      "loss_abs_diff": 0.0004711151123046875
    },
    "train": {
      "elapsed_sec": 175.281123443041,
      "final_loss": 7.497239589691162,
      "losses": [
        10.49822998046875,
        10.46484375,
        10.181671142578125,
        10.2559814453125,
        10.089508056640625,
        10.110260009765625,
        9.99041748046875,
        10.02886962890625,
        9.754638671875,
        9.646728515625,
        9.661041259765625,
        9.441055297851562,
        9.421340942382812,
        9.398544311523438,
        9.266342163085938,
        9.112472534179688,
        9.235382080078125,
        9.2681884765625,
        9.067367553710938,
        8.907569885253906,
        8.794357299804688,
        8.878898620605469,
        8.540763854980469,
        8.560096740722656,
        8.675987243652344,
        8.347427368164062,
        8.549903869628906,
        8.407917022705078,
        8.458881378173828,
        8.451778411865234,
        8.387081146240234,
        8.3310546875,
        8.316932678222656,
        8.40340805053711,
        7.882915496826172,
        8.034339904785156,
        8.166648864746094,
        8.189628601074219,
        8.258796691894531,
        8.332714080810547,
        8.074142456054688,
        8.009490966796875,
        7.765323638916016,
        8.05136489868164,
        7.746692657470703,
        7.764125823974609,
        7.705879211425781,
        7.987405776977539,
        8.002788543701172,
        7.809093475341797,
        7.738128662109375,
        7.799991607666016,
        7.838418960571289,
        8.033546447753906,
        7.756277084350586,
        7.560794830322266,
        7.451789855957031,
        7.511821746826172,
        7.868795394897461,
        7.802434921264648,
        7.7411956787109375,
        7.555355072021484,
        7.973115921020508,
        7.566469192504883,
        7.857275009155273,
        7.532480239868164,
        7.475421905517578,
        7.846033096313477,
        7.670611381530762,
        7.43034553527832,
        7.231686592102051,
        7.361208915710449,
        7.172804832458496,
        7.850069999694824,
        7.719449996948242,
        7.495977401733398,
        7.557880401611328,
        7.844987869262695,
        7.452197074890137,
        7.5352783203125,
        7.656497001647949,
        7.60231876373291,
        7.552894592285156,
        7.348937034606934,
        7.550228118896484,
        7.175222396850586,
        7.698171615600586,
        7.809141159057617,
        7.370433807373047,
        8.289119720458984,
        7.890937805175781,
        7.271060943603516,
        7.390850067138672,
        7.514286041259766,
        7.611810684204102,
        7.361329078674316,
        7.823583602905273,
        7.2592315673828125,
        7.632966995239258,
        7.452297210693359,
        7.7546539306640625,
        7.359582901000977,
        7.598718643188477,
        7.529848098754883,
        7.96434211730957,
        7.572359085083008,
        7.4986467361450195,
        7.701976776123047,
        7.513432502746582,
        6.827909469604492,
        7.455897331237793,
        7.06123161315918,
        7.493664741516113,
        7.299648284912109,
        7.357870101928711,
        7.162456512451172,
        7.333395957946777,
        7.303170204162598,
        7.472653865814209,
        7.218621730804443,
        7.328129768371582,
        7.733139991760254,
        7.201453685760498,
        7.548478126525879,
        7.282941818237305,
        7.156259059906006,
        7.166077613830566,
        7.770352363586426,
        7.252010822296143,
        7.301244735717773,
        7.181276321411133,
        7.333327293395996,
        7.542263031005859,
        7.353750228881836,
        7.43501091003418,
        7.202428817749023,
        7.3702898025512695,
        7.893318176269531,
        6.994010925292969,
        7.612508773803711,
        7.546525955200195,
        7.547067642211914,
        7.284149169921875,
        7.244989395141602,
        7.142087936401367,
        7.482969284057617,
        7.045016288757324,
        7.342456817626953,
        7.378419876098633,
        7.016203880310059,
        7.09245491027832,
        7.542880058288574,
        7.289821624755859,
        7.476959228515625,
        7.526618957519531,
        7.313473701477051,
        7.316271781921387,
        7.633879661560059,
        7.125606536865234,
        6.995615005493164,
        7.517641067504883,
        7.194802284240723,
        7.504537582397461,
        7.104663848876953,
        7.0804948806762695,
        7.149713516235352,
        7.183414459228516,
        7.193241119384766,
        7.532427787780762,
        7.2642412185668945,
        7.020896911621094,
        7.186742782592773,
        6.870114803314209,
        7.2583489418029785,
        7.0563273429870605,
        7.271780490875244,
        7.315250396728516,
        7.094310283660889,
        7.049230575561523,
        7.420627593994141,
        8.432744979858398,
        7.208348274230957,
        7.485225677490234,
        7.258723258972168,
        7.482992172241211,
        7.021270751953125,
        7.671441078186035,
        7.052793502807617,
        7.091409683227539,
        7.01148796081543,
        6.867064476013184,
        7.031678199768066,
        7.096982955932617,
        7.280024528503418,
        7.469435214996338,
        7.232800483703613,
        6.7029194831848145,
        7.101593017578125,
        7.201073169708252,
        7.072418212890625,
        7.157591819763184,
        7.268930435180664,
        7.694501876831055,
        7.108036041259766,
        6.970624923706055,
        6.745972633361816,
        6.936611175537109,
        6.97355842590332,
        7.253413200378418,
        7.170648574829102,
        6.9868316650390625,
        7.1919708251953125,
        6.917620658874512,
        7.001620769500732,
        7.418063163757324,
        7.2159881591796875,
        7.434791564941406,
        6.702437400817871,
        7.485335350036621,
        7.154300212860107,
        7.183189868927002,
        6.851926326751709,
        7.1766037940979,
        7.2232584953308105,
        7.145059108734131,
        6.976347923278809,
        7.402220726013184,
        7.370175361633301,
        6.630807876586914,
        7.304135322570801,
        7.064269065856934,
        7.864728927612305,
        7.232335090637207,
        7.440384387969971,
        7.604608535766602,
        6.568841457366943,
